<?xml version="1.0" encoding="UTF-8" ?>
<XMLDB PATH="blocks/course_mapping/db" VERSION="20220202" COMMENT="XMLDB file for Moodle blocks/course_mapping"
    xmlns:xsi="http://www.w3.org/2001/XMLSchema-instance"
    xsi:noNamespaceSchemaLocation="../../../lib/xmldb/xmldb.xsd"
>
  <TABLES>
    <TABLE NAME="course_mapping" COMMENT="Default comment for block_course_mapping, please edit me">
      <FIELDS>
        <FIELD NAME="id" TYPE="int" LENGTH="10" NOTNULL="true" SEQUENCE="true"/>
        <FIELD NAME="from_courseid" TYPE="char" LENGTH="225" NOTNULL="false" SEQUENCE="false"/>
        <FIELD NAME="to_courseid" TYPE="int" LENGTH="10" NOTNULL="false" SEQUENCE="false"/>
        <FIELD NAME="note" TYPE="text" NOTNULL="false" SEQUENCE="false"/>
        <FIELD NAME="created_date" TYPE="char" LENGTH="225" NOTNULL="false" SEQUENCE="false"/>
        <FIELD NAME="updated_date" TYPE="char" LENGTH="225" NOTNULL="false" SEQUENCE="false"/>
      </FIELDS>
      <KEYS>
        <KEY NAME="primary" TYPE="primary" FIELDS="id"/>
      </KEYS>
    </TABLE>
  </TABLES>
</XMLDB>